Prediction,Id
5,1
5,2
5,3
5,4
6,5
5,6
5,7
5,8
4,9
1,10
5,11
5,12
5,13
5,14
5,15
5,16
4,17
3,18
5,19
6,20
5,21
5,22
5,23
5,24
1,25
5,26
5,27
6,28
4,29
5,30
5,31
5,32
5,33
5,34
5,35
5,36
5,37
5,38
6,39
4,40
5,41
5,42
5,43
5,44
5,45
5,46
6,47
5,48
6,49
3,50
5,51
5,52
1,53
5,54
4,55
5,56
4,57
5,58
4,59
5,60
5,61
5,62
5,63
5,64
6,65
4,66
5,67
6,68
1,69
5,70
5,71
5,72
8,73
5,74
5,75
5,76
5,77
5,78
6,79
5,80
4,81
5,82
1,83
5,84
5,85
4,86
5,87
6,88
5,89
5,90
5,91
5,92
5,93
5,94
5,95
5,96
6,97
5,98
4,99
5,100
6,101
5,102
1,103
4,104
6,105
8,106
5,107
9,108
5,109
1,110
5,111
1,112
5,113
5,114
1,115
5,116
5,117
5,118
5,119
5,120
5,121
5,122
5,123
5,124
3,125
5,126
6,127
5,128
1,129
5,130
5,131
4,132
6,133
5,134
5,135
5,136
5,137
5,138
5,139
5,140
5,141
6,142
5,143
4,144
5,145
5,146
5,147
6,148
5,149
5,150
5,151
5,152
5,153
6,154
5,155
5,156
5,157
1,158
4,159
5,160
5,161
5,162
6,163
5,164
5,165
5,166
2,167
1,168
5,169
5,170
1,171
4,172
5,173
6,174
4,175
1,176
5,177
5,178
5,179
5,180
1,181
5,182
6,183
5,184
5,185
5,186
5,187
1,188
1,189
10,190
5,191
4,192
2,193
5,194
5,195
5,196
4,197
5,198
1,199
5,200
4,201
5,202
5,203
5,204
5,205
4,206
5,207
5,208
5,209
5,210
5,211
1,212
5,213
5,214
5,215
5,216
4,217
5,218
5,219
1,220
5,221
5,222
5,223
6,224
9,225
5,226
5,227
5,228
5,229
9,230
5,231
6,232
1,233
5,234
5,235
5,236
5,237
6,238
5,239
4,240
5,241
5,242
1,243
6,244
1,245
5,246
6,247
5,248
5,249
5,250
6,251
5,252
4,253
6,254
5,255
5,256
5,257
5,258
5,259
5,260
5,261
5,262
5,263
2,264
5,265
1,266
9,267
3,268
5,269
5,270
5,271
5,272
5,273
5,274
2,275
5,276
5,277
1,278
5,279
5,280
5,281
5,282
6,283
1,284
6,285
5,286
5,287
5,288
5,289
5,290
5,291
4,292
6,293
5,294
1,295
5,296
4,297
4,298
6,299
6,300
5,301
4,302
5,303
6,304
5,305
6,306
5,307
6,308
5,309
5,310
4,311
1,312
4,313
5,314
6,315
4,316
5,317
1,318
5,319
1,320
5,321
5,322
5,323
5,324
5,325
5,326
5,327
5,328
5,329
1,330
5,331
2,332
1,333
5,334
6,335
5,336
5,337
5,338
5,339
5,340
5,341
5,342
5,343
5,344
5,345
5,346
5,347
6,348
4,349
2,350
8,351
5,352
1,353
5,354
5,355
5,356
5,357
5,358
5,359
1,360
5,361
4,362
6,363
5,364
5,365
1,366
5,367
5,368
5,369
6,370
6,371
4,372
5,373
5,374
6,375
6,376
5,377
1,378
2,379
5,380
5,381
1,382
5,383
6,384
5,385
5,386
1,387
5,388
1,389
5,390
5,391
5,392
5,393
4,394
6,395
6,396
5,397
5,398
5,399
5,400
5,401
5,402
4,403
5,404
6,405
1,406
5,407
6,408
6,409
1,410
5,411
5,412
5,413
5,414
5,415
5,416
5,417
5,418
6,419
5,420
4,421
5,422
5,423
5,424
5,425
9,426
6,427
1,428
6,429
4,430
1,431
1,432
5,433
5,434
5,435
5,436
5,437
1,438
5,439
4,440
5,441
5,442
5,443
5,444
5,445
5,446
5,447
5,448
5,449
5,450
1,451
5,452
4,453
1,454
5,455
5,456
5,457
5,458
1,459
5,460
5,461
5,462
5,463
2,464
5,465
5,466
1,467
2,468
5,469
1,470
3,471
6,472
6,473
5,474
5,475
5,476
5,477
6,478
5,479
4,480
5,481
5,482
5,483
4,484
5,485
3,486
5,487
5,488
5,489
1,490
5,491
5,492
9,493
5,494
6,495
5,496
5,497
5,498
5,499
5,500
5,501
5,502
4,503
1,504
5,505
5,506
5,507
5,508
5,509
5,510
5,511
5,512
5,513
6,514
6,515
5,516
5,517
1,518
4,519
5,520
5,521
8,522
4,523
6,524
1,525
5,526
5,527
1,528
2,529
5,530
5,531
5,532
5,533
5,534
5,535
5,536
5,537
5,538
5,539
5,540
2,541
5,542
6,543
5,544
5,545
5,546
5,547
2,548
6,549
5,550
1,551
1,552
6,553
5,554
5,555
3,556
5,557
5,558
5,559
5,560
5,561
5,562
5,563
5,564
5,565
1,566
6,567
5,568
8,569
5,570
5,571
5,572
1,573
5,574
4,575
5,576
4,577
5,578
5,579
5,580
5,581
6,582
4,583
3,584
8,585
6,586
5,587
5,588
5,589
5,590
5,591
1,592
5,593
5,594
6,595
5,596
5,597
5,598
6,599
5,600
5,601
2,602
5,603
2,604
5,605
5,606
6,607
5,608
1,609
1,610
4,611
5,612
5,613
5,614
5,615
5,616
4,617
5,618
5,619
5,620
5,621
5,622
5,623
5,624
1,625
1,626
6,627
6,628
6,629
5,630
1,631
1,632
1,633
5,634
5,635
6,636
5,637
5,638
5,639
5,640
5,641
5,642
5,643
5,644
5,645
6,646
5,647
5,648
6,649
5,650
5,651
5,652
5,653
1,654
6,655
3,656
5,657
6,658
5,659
6,660
5,661
4,662
5,663
6,664
5,665
1,666
1,667
5,668
1,669
2,670
5,671
5,672
2,673
6,674
4,675
2,676
5,677
5,678
5,679
5,680
5,681
5,682
5,683
5,684
5,685
5,686
1,687
5,688
5,689
5,690
5,691
1,692
5,693
8,694
4,695
5,696
5,697
5,698
5,699
5,700
5,701
5,702
5,703
5,704
5,705
5,706
4,707
5,708
5,709
5,710
5,711
6,712
5,713
5,714
5,715
6,716
5,717
5,718
9,719
5,720
5,721
5,722
5,723
2,724
6,725
9,726
5,727
6,728
5,729
5,730
6,731
5,732
1,733
6,734
4,735
5,736
5,737
5,738
5,739
5,740
5,741
5,742
5,743
4,744
5,745
1,746
5,747
5,748
5,749
4,750
5,751
5,752
5,753
5,754
1,755
5,756
5,757
5,758
5,759
5,760
5,761
5,762
5,763
4,764
1,765
5,766
6,767
5,768
5,769
6,770
5,771
4,772
1,773
5,774
6,775
5,776
5,777
4,778
5,779
5,780
5,781
5,782
1,783
5,784
5,785
5,786
5,787
5,788
4,789
5,790
5,791
6,792
4,793
5,794
1,795
5,796
5,797
5,798
6,799
5,800
1,801
5,802
5,803
4,804
7,805
2,806
5,807
5,808
4,809
5,810
5,811
5,812
5,813
5,814
5,815
1,816
4,817
1,818
6,819
5,820
3,821
5,822
5,823
5,824
1,825
5,826
4,827
5,828
5,829
5,830
1,831
5,832
5,833
5,834
4,835
5,836
5,837
5,838
5,839
6,840
5,841
5,842
5,843
5,844
4,845
5,846
5,847
8,848
1,849
5,850
8,851
4,852
1,853
6,854
5,855
5,856
1,857
5,858
5,859
5,860
3,861
1,862
1,863
5,864
5,865
5,866
5,867
5,868
5,869
4,870
6,871
1,872
5,873
5,874
5,875
1,876
5,877
5,878
6,879
5,880
9,881
5,882
6,883
6,884
5,885
5,886
1,887
1,888
6,889
4,890
1,891
5,892
5,893
5,894
5,895
5,896
5,897
5,898
5,899
1,900
5,901
5,902
5,903
6,904
6,905
2,906
5,907
6,908
5,909
5,910
5,911
5,912
5,913
6,914
5,915
6,916
1,917
5,918
4,919
6,920
5,921
5,922
6,923
5,924
5,925
4,926
2,927
5,928
5,929
5,930
1,931
1,932
5,933
5,934
5,935
6,936
1,937
5,938
5,939
5,940
5,941
5,942
5,943
5,944
5,945
6,946
5,947
3,948
5,949
4,950
6,951
5,952
6,953
5,954
5,955
5,956
5,957
5,958
4,959
1,960
4,961
5,962
1,963
6,964
5,965
5,966
4,967
5,968
5,969
5,970
1,971
5,972
5,973
6,974
5,975
5,976
5,977
5,978
5,979
4,980
5,981
1,982
5,983
5,984
5,985
5,986
5,987
5,988
5,989
5,990
1,991
5,992
1,993
1,994
5,995
5,996
4,997
5,998
6,999
4,1000
5,1001
5,1002
5,1003
6,1004
4,1005
5,1006
5,1007
5,1008
6,1009
6,1010
5,1011
5,1012
6,1013
5,1014
9,1015
6,1016
4,1017
6,1018
5,1019
8,1020
6,1021
5,1022
1,1023
4,1024
6,1025
5,1026
2,1027
5,1028
5,1029
6,1030
5,1031
5,1032
5,1033
5,1034
5,1035
5,1036
5,1037
5,1038
5,1039
5,1040
4,1041
4,1042
5,1043
5,1044
5,1045
1,1046
5,1047
5,1048
5,1049
6,1050
5,1051
1,1052
5,1053
5,1054
4,1055
5,1056
1,1057
5,1058
5,1059
5,1060
4,1061
5,1062
1,1063
5,1064
6,1065
5,1066
5,1067
4,1068
5,1069
5,1070
5,1071
5,1072
4,1073
5,1074
3,1075
5,1076
8,1077
6,1078
5,1079
4,1080
5,1081
5,1082
5,1083
5,1084
5,1085
5,1086
5,1087
5,1088
5,1089
1,1090
5,1091
5,1092
5,1093
6,1094
6,1095
5,1096
6,1097
1,1098
1,1099
5,1100
5,1101
5,1102
5,1103
1,1104
1,1105
5,1106
5,1107
5,1108
5,1109
6,1110
5,1111
1,1112
4,1113
4,1114
6,1115
4,1116
5,1117
1,1118
5,1119
1,1120
5,1121
5,1122
5,1123
1,1124
5,1125
5,1126
5,1127
1,1128
4,1129
5,1130
2,1131
5,1132
5,1133
4,1134
5,1135
5,1136
5,1137
5,1138
5,1139
5,1140
5,1141
5,1142
5,1143
5,1144
4,1145
5,1146
5,1147
5,1148
1,1149
5,1150
5,1151
5,1152
5,1153
5,1154
5,1155
5,1156
5,1157
5,1158
5,1159
5,1160
5,1161
5,1162
5,1163
6,1164
4,1165
4,1166
5,1167
4,1168
5,1169
5,1170
5,1171
5,1172
5,1173
5,1174
5,1175
5,1176
5,1177
4,1178
5,1179
5,1180
6,1181
5,1182
5,1183
5,1184
5,1185
5,1186
6,1187
6,1188
5,1189
5,1190
5,1191
5,1192
8,1193
5,1194
5,1195
1,1196
5,1197
5,1198
5,1199
6,1200
5,1201
1,1202
8,1203
6,1204
5,1205
1,1206
1,1207
5,1208
6,1209
5,1210
5,1211
5,1212
1,1213
5,1214
5,1215
5,1216
6,1217
5,1218
5,1219
6,1220
5,1221
6,1222
5,1223
5,1224
5,1225
2,1226
5,1227
5,1228
6,1229
5,1230
5,1231
4,1232
5,1233
5,1234
5,1235
5,1236
6,1237
5,1238
6,1239
5,1240
4,1241
6,1242
1,1243
5,1244
5,1245
5,1246
6,1247
5,1248
6,1249
5,1250
1,1251
4,1252
5,1253
5,1254
3,1255
5,1256
5,1257
1,1258
1,1259
5,1260
5,1261
4,1262
5,1263
6,1264
1,1265
5,1266
5,1267
1,1268
1,1269
6,1270
5,1271
5,1272
5,1273
4,1274
5,1275
6,1276
1,1277
5,1278
5,1279
5,1280
5,1281
5,1282
6,1283
5,1284
5,1285
4,1286
5,1287
5,1288
8,1289
5,1290
5,1291
5,1292
5,1293
5,1294
5,1295
5,1296
6,1297
5,1298
5,1299
6,1300
5,1301
5,1302
1,1303
5,1304
5,1305
5,1306
4,1307
5,1308
4,1309
5,1310
5,1311
5,1312
5,1313
4,1314
5,1315
5,1316
5,1317
5,1318
5,1319
1,1320
5,1321
4,1322
5,1323
8,1324
5,1325
3,1326
1,1327
5,1328
5,1329
5,1330
8,1331
1,1332
5,1333
5,1334
5,1335
5,1336
2,1337
5,1338
4,1339
6,1340
5,1341
5,1342
5,1343
5,1344
5,1345
5,1346
5,1347
4,1348
5,1349
5,1350
5,1351
5,1352
6,1353
1,1354
5,1355
5,1356
1,1357
5,1358
5,1359
5,1360
5,1361
5,1362
6,1363
5,1364
5,1365
4,1366
5,1367
6,1368
5,1369
5,1370
5,1371
5,1372
5,1373
4,1374
5,1375
5,1376
1,1377
1,1378
5,1379
1,1380
5,1381
5,1382
5,1383
5,1384
1,1385
5,1386
5,1387
1,1388
6,1389
5,1390
5,1391
5,1392
5,1393
1,1394
5,1395
5,1396
2,1397
5,1398
5,1399
5,1400
5,1401
5,1402
1,1403
5,1404
5,1405
3,1406
5,1407
5,1408
5,1409
5,1410
5,1411
1,1412
5,1413
4,1414
4,1415
5,1416
5,1417
5,1418
5,1419
5,1420
5,1421
6,1422
4,1423
5,1424
5,1425
5,1426
5,1427
1,1428
5,1429
1,1430
5,1431
8,1432
5,1433
6,1434
5,1435
6,1436
5,1437
5,1438
5,1439
5,1440
5,1441
5,1442
1,1443
5,1444
5,1445
5,1446
1,1447
5,1448
5,1449
5,1450
1,1451
5,1452
4,1453
1,1454
5,1455
5,1456
5,1457
5,1458
1,1459
5,1460
5,1461
5,1462
2,1463
5,1464
5,1465
4,1466
5,1467
5,1468
5,1469
5,1470
1,1471
5,1472
5,1473
5,1474
5,1475
5,1476
5,1477
5,1478
5,1479
5,1480
5,1481
2,1482
5,1483
1,1484
6,1485
3,1486
4,1487
6,1488
5,1489
1,1490
5,1491
5,1492
5,1493
6,1494
5,1495
5,1496
1,1497
5,1498
8,1499
4,1500
4,1501
5,1502
5,1503
5,1504
5,1505
4,1506
5,1507
4,1508
5,1509
1,1510
5,1511
5,1512
5,1513
6,1514
4,1515
4,1516
5,1517
6,1518
1,1519
5,1520
5,1521
5,1522
5,1523
6,1524
5,1525
5,1526
5,1527
5,1528
5,1529
5,1530
5,1531
1,1532
5,1533
5,1534
5,1535
5,1536
5,1537
5,1538
5,1539
5,1540
9,1541
5,1542
5,1543
3,1544
5,1545
2,1546
5,1547
6,1548
6,1549
5,1550
5,1551
5,1552
5,1553
5,1554
1,1555
5,1556
4,1557
6,1558
1,1559
5,1560
5,1561
5,1562
5,1563
5,1564
1,1565
5,1566
5,1567
6,1568
6,1569
4,1570
1,1571
6,1572
1,1573
5,1574
5,1575
5,1576
1,1577
6,1578
2,1579
5,1580
1,1581
1,1582
5,1583
5,1584
5,1585
5,1586
5,1587
5,1588
5,1589
5,1590
6,1591
5,1592
5,1593
5,1594
5,1595
5,1596
5,1597
5,1598
6,1599
5,1600
5,1601
2,1602
5,1603
4,1604
5,1605
6,1606
6,1607
5,1608
6,1609
5,1610
5,1611
5,1612
5,1613
5,1614
4,1615
5,1616
5,1617
5,1618
5,1619
5,1620
5,1621
5,1622
5,1623
5,1624
4,1625
5,1626
5,1627
5,1628
5,1629
5,1630
4,1631
5,1632
5,1633
1,1634
5,1635
5,1636
5,1637
5,1638
5,1639
5,1640
5,1641
5,1642
5,1643
4,1644
6,1645
6,1646
2,1647
5,1648
5,1649
6,1650
5,1651
6,1652
6,1653
5,1654
5,1655
6,1656
5,1657
5,1658
5,1659
1,1660
5,1661
1,1662
5,1663
5,1664
6,1665
1,1666
5,1667
5,1668
5,1669
5,1670
5,1671
5,1672
1,1673
5,1674
4,1675
9,1676
5,1677
5,1678
1,1679
1,1680
5,1681
5,1682
5,1683
6,1684
4,1685
5,1686
2,1687
5,1688
5,1689
6,1690
5,1691
5,1692
10,1693
6,1694
5,1695
5,1696
5,1697
1,1698
2,1699
6,1700
5,1701
5,1702
5,1703
1,1704
5,1705
5,1706
6,1707
5,1708
5,1709
5,1710
5,1711
5,1712
5,1713
4,1714
3,1715
5,1716
2,1717
1,1718
8,1719
5,1720
6,1721
5,1722
4,1723
5,1724
5,1725
6,1726
6,1727
5,1728
5,1729
5,1730
1,1731
2,1732
5,1733
5,1734
5,1735
6,1736
5,1737
5,1738
1,1739
5,1740
5,1741
5,1742
5,1743
5,1744
5,1745
5,1746
4,1747
6,1748
5,1749
5,1750
6,1751
5,1752
1,1753
5,1754
9,1755
5,1756
5,1757
5,1758
5,1759
5,1760
4,1761
1,1762
1,1763
5,1764
5,1765
5,1766
5,1767
5,1768
6,1769
5,1770
5,1771
6,1772
5,1773
5,1774
5,1775
5,1776
5,1777
5,1778
5,1779
6,1780
5,1781
5,1782
5,1783
5,1784
2,1785
5,1786
5,1787
5,1788
1,1789
5,1790
6,1791
5,1792
1,1793
5,1794
5,1795
6,1796
6,1797
1,1798
5,1799
5,1800
5,1801
1,1802
5,1803
5,1804
5,1805
6,1806
5,1807
5,1808
4,1809
5,1810
5,1811
5,1812
5,1813
5,1814
4,1815
5,1816
5,1817
5,1818
5,1819
5,1820
5,1821
5,1822
5,1823
5,1824
1,1825
5,1826
4,1827
4,1828
5,1829
5,1830
6,1831
5,1832
5,1833
4,1834
5,1835
5,1836
5,1837
5,1838
5,1839
1,1840
5,1841
5,1842
1,1843
5,1844
6,1845
1,1846
5,1847
1,1848
4,1849
5,1850
5,1851
1,1852
5,1853
5,1854
5,1855
1,1856
6,1857
5,1858
5,1859
5,1860
4,1861
5,1862
5,1863
5,1864
5,1865
5,1866
6,1867
5,1868
1,1869
5,1870
5,1871
5,1872
5,1873
6,1874
5,1875
5,1876
5,1877
1,1878
5,1879
5,1880
6,1881
5,1882
1,1883
5,1884
5,1885
5,1886
5,1887
5,1888
5,1889
5,1890
6,1891
5,1892
5,1893
9,1894
4,1895
5,1896
4,1897
1,1898
5,1899
6,1900
5,1901
5,1902
5,1903
5,1904
6,1905
6,1906
5,1907
5,1908
5,1909
6,1910
5,1911
5,1912
5,1913
6,1914
5,1915
8,1916
1,1917
5,1918
5,1919
5,1920
5,1921
1,1922
5,1923
5,1924
5,1925
5,1926
5,1927
5,1928
5,1929
3,1930
5,1931
5,1932
5,1933
5,1934
5,1935
6,1936
5,1937
5,1938
8,1939
5,1940
5,1941
5,1942
9,1943
5,1944
5,1945
5,1946
5,1947
5,1948
5,1949
4,1950
5,1951
5,1952
4,1953
1,1954
5,1955
5,1956
5,1957
5,1958
5,1959
5,1960
1,1961
5,1962
5,1963
1,1964
6,1965
5,1966
5,1967
4,1968
5,1969
5,1970
5,1971
5,1972
1,1973
5,1974
5,1975
5,1976
6,1977
5,1978
5,1979
1,1980
5,1981
1,1982
1,1983
6,1984
1,1985
8,1986
4,1987
5,1988
5,1989
6,1990
5,1991
5,1992
5,1993
5,1994
4,1995
5,1996
5,1997
3,1998
5,1999
6,2000
5,2001
5,2002
4,2003
5,2004
1,2005
5,2006
5,2007
5,2008
6,2009
5,2010
5,2011
4,2012
4,2013
6,2014
5,2015
5,2016
5,2017
1,2018
5,2019
5,2020
5,2021
5,2022
5,2023
5,2024
5,2025
5,2026
5,2027
5,2028
5,2029
5,2030
5,2031
5,2032
6,2033
5,2034
5,2035
4,2036
5,2037
5,2038
6,2039
5,2040
4,2041
1,2042
6,2043
1,2044
5,2045
2,2046
5,2047
5,2048
5,2049
5,2050
5,2051
6,2052
5,2053
5,2054
5,2055
4,2056
5,2057
5,2058
6,2059
1,2060
5,2061
6,2062
5,2063
5,2064
1,2065
5,2066
5,2067
2,2068
4,2069
6,2070
1,2071
5,2072
4,2073
5,2074
4,2075
4,2076
5,2077
1,2078
3,2079
6,2080
5,2081
5,2082
5,2083
5,2084
5,2085
5,2086
5,2087
4,2088
6,2089
5,2090
5,2091
5,2092
1,2093
5,2094
6,2095
5,2096
6,2097
5,2098
5,2099
2,2100
5,2101
5,2102
1,2103
5,2104
5,2105
1,2106
5,2107
1,2108
5,2109
5,2110
5,2111
6,2112
5,2113
5,2114
3,2115
4,2116
5,2117
5,2118
5,2119
5,2120
6,2121
5,2122
5,2123
5,2124
5,2125
6,2126
5,2127
1,2128
5,2129
1,2130
5,2131
5,2132
5,2133
5,2134
5,2135
1,2136
5,2137
5,2138
5,2139
5,2140
5,2141
5,2142
7,2143
6,2144
5,2145
6,2146
5,2147
4,2148
1,2149
5,2150
5,2151
6,2152
5,2153
5,2154
4,2155
1,2156
2,2157
5,2158
6,2159
1,2160
5,2161
5,2162
5,2163
5,2164
5,2165
6,2166
4,2167
5,2168
5,2169
5,2170
5,2171
1,2172
5,2173
4,2174
5,2175
5,2176
5,2177
5,2178
5,2179
5,2180
5,2181
5,2182
5,2183
5,2184
6,2185
6,2186
4,2187
5,2188
5,2189
1,2190
5,2191
5,2192
5,2193
4,2194
6,2195
8,2196
1,2197
2,2198
2,2199
5,2200
1,2201
6,2202
5,2203
5,2204
6,2205
6,2206
5,2207
5,2208
6,2209
5,2210
1,2211
6,2212
6,2213
1,2214
5,2215
5,2216
4,2217
5,2218
5,2219
5,2220
5,2221
5,2222
5,2223
5,2224
5,2225
5,2226
5,2227
5,2228
5,2229
5,2230
5,2231
1,2232
1,2233
5,2234
1,2235
5,2236
5,2237
5,2238
6,2239
5,2240
5,2241
4,2242
1,2243
5,2244
5,2245
1,2246
4,2247
5,2248
6,2249
1,2250
4,2251
5,2252
9,2253
5,2254
5,2255
5,2256
4,2257
6,2258
5,2259
5,2260
5,2261
5,2262
5,2263
5,2264
5,2265
5,2266
1,2267
1,2268
8,2269
6,2270
6,2271
6,2272
5,2273
5,2274
5,2275
5,2276
5,2277
5,2278
5,2279
5,2280
5,2281
6,2282
4,2283
5,2284
1,2285
5,2286
6,2287
5,2288
1,2289
5,2290
4,2291
5,2292
5,2293
5,2294
4,2295
5,2296
5,2297
5,2298
6,2299
5,2300
2,2301
5,2302
5,2303
5,2304
5,2305
5,2306
5,2307
5,2308
5,2309
1,2310
1,2311
5,2312
5,2313
5,2314
5,2315
5,2316
5,2317
5,2318
5,2319
5,2320
5,2321
9,2322
5,2323
1,2324
5,2325
5,2326
1,2327
6,2328
5,2329
1,2330
6,2331
5,2332
5,2333
5,2334
6,2335
1,2336
5,2337
5,2338
2,2339
4,2340
5,2341
5,2342
5,2343
5,2344
5,2345
5,2346
5,2347
5,2348
5,2349
5,2350
6,2351
4,2352
5,2353
5,2354
5,2355
5,2356
4,2357
1,2358
5,2359
1,2360
5,2361
4,2362
5,2363
5,2364
5,2365
5,2366
5,2367
5,2368
5,2369
5,2370
5,2371
4,2372
5,2373
5,2374
4,2375
5,2376
4,2377
5,2378
6,2379
5,2380
4,2381
5,2382
5,2383
4,2384
5,2385
5,2386
5,2387
5,2388
5,2389
5,2390
5,2391
5,2392
3,2393
5,2394
5,2395
5,2396
5,2397
6,2398
5,2399
5,2400
5,2401
5,2402
5,2403
5,2404
5,2405
5,2406
4,2407
5,2408
5,2409
6,2410
4,2411
5,2412
5,2413
2,2414
5,2415
5,2416
5,2417
6,2418
5,2419
5,2420
5,2421
5,2422
4,2423
5,2424
5,2425
5,2426
4,2427
6,2428
5,2429
5,2430
5,2431
5,2432
5,2433
5,2434
5,2435
5,2436
4,2437
5,2438
5,2439
4,2440
5,2441
8,2442
5,2443
5,2444
4,2445
5,2446
3,2447
6,2448
5,2449
5,2450
5,2451
5,2452
5,2453
5,2454
2,2455
5,2456
5,2457
4,2458
5,2459
5,2460
5,2461
5,2462
5,2463
5,2464
5,2465
5,2466
1,2467
5,2468
4,2469
8,2470
5,2471
5,2472
5,2473
5,2474
5,2475
4,2476
4,2477
6,2478
1,2479
5,2480
5,2481
5,2482
5,2483
5,2484
1,2485
5,2486
5,2487
5,2488
5,2489
1,2490
5,2491
5,2492
1,2493
5,2494
5,2495
6,2496
5,2497
5,2498
5,2499
1,2500
4,2501
5,2502
1,2503
5,2504
8,2505
5,2506
5,2507
5,2508
1,2509
1,2510
1,2511
5,2512
5,2513
5,2514
4,2515
5,2516
5,2517
4,2518
5,2519
5,2520
6,2521
5,2522
5,2523
6,2524
5,2525
5,2526
5,2527
5,2528
5,2529
5,2530
5,2531
2,2532
10,2533
5,2534
10,2535
5,2536
5,2537
5,2538
5,2539
5,2540
5,2541
6,2542
5,2543
5,2544
5,2545
4,2546
5,2547
8,2548
5,2549
5,2550
5,2551
5,2552
1,2553
3,2554
5,2555
5,2556
5,2557
5,2558
4,2559
6,2560
5,2561
6,2562
4,2563
6,2564
1,2565
5,2566
5,2567
5,2568
5,2569
4,2570
5,2571
1,2572
5,2573
5,2574
5,2575
5,2576
5,2577
4,2578
5,2579
5,2580
5,2581
8,2582
5,2583
4,2584
5,2585
5,2586
5,2587
5,2588
1,2589
6,2590
5,2591
4,2592
5,2593
5,2594
5,2595
5,2596
5,2597
5,2598
5,2599
5,2600
5,2601
5,2602
5,2603
3,2604
5,2605
5,2606
4,2607
5,2608
5,2609
5,2610
5,2611
5,2612
5,2613
5,2614
5,2615
5,2616
5,2617
5,2618
5,2619
5,2620
5,2621
6,2622
5,2623
1,2624
5,2625
5,2626
5,2627
5,2628
5,2629
4,2630
5,2631
6,2632
5,2633
1,2634
6,2635
5,2636
6,2637
5,2638
6,2639
5,2640
5,2641
1,2642
5,2643
5,2644
5,2645
2,2646
5,2647
5,2648
6,2649
5,2650
5,2651
4,2652
5,2653
5,2654
5,2655
4,2656
5,2657
6,2658
1,2659
8,2660
2,2661
1,2662
4,2663
6,2664
5,2665
5,2666
6,2667
5,2668
5,2669
6,2670
5,2671
5,2672
5,2673
5,2674
5,2675
5,2676
5,2677
5,2678
6,2679
5,2680
5,2681
5,2682
4,2683
5,2684
5,2685
1,2686
4,2687
1,2688
5,2689
5,2690
5,2691
5,2692
5,2693
1,2694
5,2695
5,2696
5,2697
5,2698
4,2699
5,2700
5,2701
5,2702
5,2703
6,2704
5,2705
5,2706
5,2707
5,2708
1,2709
4,2710
4,2711
6,2712
5,2713
5,2714
5,2715
5,2716
5,2717
5,2718
6,2719
5,2720
5,2721
5,2722
5,2723
5,2724
5,2725
5,2726
5,2727
5,2728
6,2729
5,2730
5,2731
4,2732
8,2733
5,2734
5,2735
5,2736
5,2737
5,2738
5,2739
5,2740
4,2741
5,2742
6,2743
5,2744
2,2745
4,2746
2,2747
1,2748
1,2749
5,2750
6,2751
4,2752
4,2753
9,2754
5,2755
5,2756
5,2757
5,2758
5,2759
5,2760
5,2761
5,2762
5,2763
5,2764
2,2765
5,2766
5,2767
5,2768
5,2769
1,2770
5,2771
5,2772
5,2773
5,2774
5,2775
6,2776
1,2777
4,2778
10,2779
5,2780
5,2781
5,2782
6,2783
3,2784
5,2785
5,2786
1,2787
5,2788
5,2789
4,2790
5,2791
5,2792
6,2793
5,2794
1,2795
5,2796
5,2797
9,2798
5,2799
1,2800
5,2801
5,2802
5,2803
5,2804
6,2805
5,2806
5,2807
5,2808
5,2809
4,2810
5,2811
5,2812
5,2813
5,2814
5,2815
4,2816
5,2817
6,2818
6,2819
5,2820
5,2821
1,2822
5,2823
6,2824
3,2825
1,2826
5,2827
5,2828
5,2829
6,2830
5,2831
5,2832
6,2833
5,2834
5,2835
5,2836
1,2837
5,2838
5,2839
5,2840
5,2841
5,2842
1,2843
5,2844
5,2845
5,2846
4,2847
5,2848
5,2849
5,2850
5,2851
5,2852
5,2853
5,2854
5,2855
6,2856
5,2857
5,2858
5,2859
6,2860
5,2861
5,2862
5,2863
5,2864
5,2865
5,2866
4,2867
5,2868
9,2869
5,2870
5,2871
5,2872
5,2873
5,2874
9,2875
5,2876
5,2877
5,2878
5,2879
5,2880
6,2881
5,2882
5,2883
5,2884
5,2885
5,2886
4,2887
5,2888
6,2889
5,2890
5,2891
6,2892
5,2893
5,2894
6,2895
5,2896
6,2897
5,2898
6,2899
5,2900
4,2901
5,2902
5,2903
5,2904
5,2905
5,2906
5,2907
5,2908
5,2909
9,2910
5,2911
5,2912
4,2913
5,2914
5,2915
3,2916
1,2917
6,2918
5,2919
5,2920
5,2921
4,2922
6,2923
1,2924
5,2925
5,2926
5,2927
5,2928
5,2929
5,2930
1,2931
5,2932
5,2933
6,2934
5,2935
5,2936
2,2937
5,2938
5,2939
6,2940
5,2941
5,2942
4,2943
5,2944
5,2945
5,2946
4,2947
4,2948
1,2949
5,2950
5,2951
5,2952
5,2953
5,2954
5,2955
7,2956
4,2957
1,2958
5,2959
5,2960
6,2961
5,2962
5,2963
5,2964
5,2965
4,2966
5,2967
5,2968
5,2969
6,2970
5,2971
5,2972
5,2973
1,2974
5,2975
5,2976
5,2977
5,2978
6,2979
8,2980
5,2981
5,2982
5,2983
5,2984
5,2985
5,2986
4,2987
6,2988
5,2989
5,2990
4,2991
5,2992
5,2993
5,2994
5,2995
4,2996
4,2997
5,2998
5,2999
4,3000
5,3001
5,3002
5,3003
5,3004
5,3005
5,3006
8,3007
1,3008
5,3009
5,3010
5,3011
5,3012
6,3013
5,3014
5,3015
4,3016
5,3017
5,3018
5,3019
1,3020
1,3021
5,3022
5,3023
5,3024
4,3025
6,3026
5,3027
6,3028
5,3029
5,3030
5,3031
5,3032
5,3033
6,3034
6,3035
5,3036
1,3037
5,3038
5,3039
5,3040
5,3041
5,3042
5,3043
5,3044
5,3045
5,3046
5,3047
5,3048
5,3049
5,3050
5,3051
5,3052
4,3053
5,3054
5,3055
1,3056
5,3057
6,3058
5,3059
5,3060
5,3061
5,3062
5,3063
5,3064
5,3065
5,3066
4,3067
4,3068
4,3069
5,3070
6,3071
5,3072
5,3073
5,3074
5,3075
1,3076
4,3077
5,3078
5,3079
6,3080
6,3081
5,3082
5,3083
1,3084
5,3085
5,3086
6,3087
5,3088
5,3089
5,3090
1,3091
5,3092
5,3093
5,3094
5,3095
5,3096
5,3097
6,3098
5,3099
5,3100
5,3101
5,3102
5,3103
1,3104
5,3105
1,3106
5,3107
5,3108
4,3109
4,3110
4,3111
6,3112
5,3113
5,3114
5,3115
1,3116
5,3117
6,3118
5,3119
5,3120
1,3121
5,3122
5,3123
5,3124
5,3125
5,3126
4,3127
1,3128
1,3129
5,3130
1,3131
4,3132
6,3133
1,3134
5,3135
5,3136
5,3137
6,3138
5,3139
1,3140
1,3141
5,3142
5,3143
1,3144
1,3145
5,3146
4,3147
5,3148
5,3149
5,3150
4,3151
5,3152
5,3153
5,3154
5,3155
6,3156
3,3157
4,3158
5,3159
5,3160
5,3161
6,3162
5,3163
5,3164
5,3165
5,3166
5,3167
1,3168
3,3169
5,3170
5,3171
5,3172
5,3173
1,3174
5,3175
5,3176
5,3177
5,3178
1,3179
1,3180
5,3181
5,3182
5,3183
5,3184
5,3185
5,3186
6,3187
5,3188
5,3189
5,3190
5,3191
5,3192
6,3193
1,3194
1,3195
5,3196
6,3197
5,3198
5,3199
6,3200
4,3201
5,3202
5,3203
5,3204
2,3205
5,3206
5,3207
1,3208
5,3209
6,3210
10,3211
5,3212
4,3213
5,3214
6,3215
5,3216
5,3217
1,3218
6,3219
1,3220
2,3221
5,3222
5,3223
5,3224
5,3225
6,3226
9,3227
5,3228
6,3229
5,3230
5,3231
5,3232
6,3233
6,3234
5,3235
6,3236
6,3237
6,3238
6,3239
4,3240
1,3241
5,3242
5,3243
5,3244
6,3245
5,3246
5,3247
5,3248
4,3249
4,3250
5,3251
2,3252
5,3253
1,3254
2,3255
5,3256
1,3257
5,3258
5,3259
5,3260
5,3261
5,3262
4,3263
6,3264
1,3265
5,3266
1,3267
5,3268
3,3269
8,3270
5,3271
5,3272
1,3273
4,3274
5,3275
5,3276
5,3277
5,3278
4,3279
5,3280
6,3281
5,3282
5,3283
5,3284
6,3285
1,3286
1,3287
1,3288
5,3289
6,3290
4,3291
5,3292
5,3293
5,3294
5,3295
5,3296
4,3297
5,3298
4,3299
2,3300
5,3301
4,3302
6,3303
6,3304
1,3305
4,3306
5,3307
5,3308
6,3309
3,3310
2,3311
5,3312
4,3313
5,3314
2,3315
5,3316
1,3317
4,3318
5,3319
5,3320
5,3321
4,3322
5,3323
5,3324
6,3325
5,3326
4,3327
5,3328
5,3329
5,3330
6,3331
4,3332
5,3333
6,3334
7,3335
5,3336
5,3337
1,3338
5,3339
5,3340
5,3341
5,3342
5,3343
4,3344
6,3345
5,3346
5,3347
5,3348
5,3349
1,3350
5,3351
1,3352
6,3353
5,3354
5,3355
5,3356
5,3357
5,3358
5,3359
5,3360
1,3361
5,3362
5,3363
1,3364
9,3365
5,3366
5,3367
4,3368
5,3369
5,3370
5,3371
5,3372
2,3373
1,3374
5,3375
2,3376
5,3377
5,3378
6,3379
5,3380
6,3381
10,3382
5,3383
5,3384
4,3385
4,3386
1,3387
5,3388
5,3389
5,3390
5,3391
5,3392
5,3393
5,3394
5,3395
1,3396
1,3397
5,3398
3,3399
5,3400
5,3401
2,3402
5,3403
5,3404
8,3405
6,3406
5,3407
4,3408
3,3409
4,3410
5,3411
5,3412
5,3413
6,3414
5,3415
5,3416
5,3417
5,3418
6,3419
6,3420
5,3421
5,3422
1,3423
5,3424
5,3425
4,3426
1,3427
5,3428
5,3429
9,3430
5,3431
6,3432
6,3433
5,3434
5,3435
5,3436
5,3437
4,3438
5,3439
6,3440
5,3441
6,3442
5,3443
6,3444
5,3445
1,3446
5,3447
5,3448
5,3449
4,3450
5,3451
5,3452
5,3453
6,3454
1,3455
5,3456
5,3457
6,3458
6,3459
9,3460
5,3461
5,3462
4,3463
5,3464
1,3465
5,3466
5,3467
5,3468
6,3469
6,3470
5,3471
9,3472
5,3473
6,3474
5,3475
5,3476
5,3477
9,3478
5,3479
5,3480
5,3481
5,3482
5,3483
6,3484
5,3485
2,3486
5,3487
5,3488
1,3489
5,3490
5,3491
5,3492
5,3493
5,3494
5,3495
6,3496
9,3497
4,3498
5,3499
5,3500
5,3501
5,3502
5,3503
5,3504
1,3505
5,3506
6,3507
4,3508
5,3509
6,3510
6,3511
6,3512
6,3513
5,3514
1,3515
6,3516
5,3517
5,3518
2,3519
1,3520
5,3521
5,3522
5,3523
5,3524
5,3525
5,3526
1,3527
6,3528
5,3529
6,3530
5,3531
5,3532
4,3533
5,3534
6,3535
3,3536
5,3537
1,3538
2,3539
6,3540
5,3541
5,3542
5,3543
5,3544
5,3545
5,3546
5,3547
5,3548
5,3549
5,3550
5,3551
4,3552
5,3553
4,3554
1,3555
5,3556
1,3557
5,3558
1,3559
6,3560
5,3561
5,3562
5,3563
5,3564
5,3565
1,3566
1,3567
5,3568
5,3569
6,3570
1,3571
5,3572
1,3573
9,3574
5,3575
5,3576
5,3577
2,3578
5,3579
5,3580
5,3581
5,3582
5,3583
1,3584
5,3585
6,3586
5,3587
5,3588
5,3589
1,3590
5,3591
1,3592
5,3593
1,3594
5,3595
10,3596
1,3597
5,3598
5,3599
5,3600
5,3601
2,3602
5,3603
1,3604
5,3605
1,3606
5,3607
5,3608
6,3609
5,3610
5,3611
5,3612
6,3613
5,3614
5,3615
5,3616
5,3617
5,3618
5,3619
6,3620
6,3621
10,3622
4,3623
6,3624
6,3625
5,3626
1,3627
5,3628
5,3629
5,3630
5,3631
5,3632
5,3633
6,3634
5,3635
3,3636
5,3637
4,3638
5,3639
5,3640
5,3641
4,3642
5,3643
5,3644
5,3645
5,3646
5,3647
1,3648
5,3649
6,3650
5,3651
5,3652
4,3653
6,3654
5,3655
5,3656
5,3657
5,3658
5,3659
5,3660
5,3661
4,3662
6,3663
5,3664
5,3665
1,3666
5,3667
6,3668
5,3669
5,3670
4,3671
1,3672
5,3673
5,3674
5,3675
5,3676
3,3677
5,3678
1,3679
5,3680
5,3681
5,3682
6,3683
5,3684
1,3685
5,3686
5,3687
5,3688
5,3689
4,3690
5,3691
4,3692
5,3693
5,3694
5,3695
1,3696
4,3697
5,3698
5,3699
4,3700
5,3701
5,3702
5,3703
5,3704
4,3705
1,3706
6,3707
5,3708
5,3709
5,3710
1,3711
5,3712
6,3713
5,3714
5,3715
5,3716
2,3717
5,3718
5,3719
4,3720
5,3721
5,3722
1,3723
5,3724
5,3725
5,3726
5,3727
5,3728
5,3729
5,3730
5,3731
5,3732
5,3733
4,3734
5,3735
4,3736
6,3737
5,3738
5,3739
5,3740
5,3741
5,3742
5,3743
2,3744
5,3745
5,3746
5,3747
1,3748
5,3749
5,3750
4,3751
4,3752
5,3753
5,3754
5,3755
5,3756
5,3757
5,3758
5,3759
5,3760
5,3761
1,3762
5,3763
6,3764
1,3765
4,3766
6,3767
5,3768
5,3769
5,3770
1,3771
6,3772
5,3773
6,3774
5,3775
5,3776
6,3777
5,3778
4,3779
4,3780
5,3781
5,3782
4,3783
5,3784
5,3785
5,3786
2,3787
5,3788
5,3789
5,3790
5,3791
1,3792
4,3793
1,3794
5,3795
5,3796
1,3797
5,3798
1,3799
4,3800
5,3801
5,3802
6,3803
5,3804
6,3805
1,3806
4,3807
6,3808
5,3809
5,3810
5,3811
7,3812
4,3813
1,3814
5,3815
5,3816
5,3817
5,3818
6,3819
5,3820
8,3821
5,3822
5,3823
5,3824
5,3825
8,3826
5,3827
5,3828
5,3829
5,3830
1,3831
5,3832
1,3833
5,3834
5,3835
6,3836
5,3837
6,3838
5,3839
2,3840
6,3841
5,3842
5,3843
5,3844
5,3845
5,3846
5,3847
5,3848
5,3849
5,3850
5,3851
5,3852
5,3853
5,3854
2,3855
4,3856
1,3857
5,3858
5,3859
6,3860
5,3861
5,3862
6,3863
4,3864
8,3865
5,3866
6,3867
5,3868
5,3869
5,3870
5,3871
5,3872
5,3873
5,3874
5,3875
2,3876
4,3877
5,3878
5,3879
5,3880
5,3881
5,3882
5,3883
5,3884
5,3885
5,3886
5,3887
6,3888
1,3889
5,3890
5,3891
5,3892
5,3893
10,3894
5,3895
5,3896
1,3897
6,3898
5,3899
5,3900
4,3901
5,3902
5,3903
4,3904
1,3905
5,3906
5,3907
5,3908
6,3909
5,3910
5,3911
5,3912
5,3913
5,3914
6,3915
1,3916
1,3917
4,3918
5,3919
5,3920
5,3921
5,3922
4,3923
5,3924
5,3925
3,3926
4,3927
1,3928
7,3929
5,3930
5,3931
6,3932
1,3933
5,3934
5,3935
5,3936
5,3937
5,3938
5,3939
5,3940
4,3941
6,3942
5,3943
6,3944
4,3945
6,3946
1,3947
5,3948
5,3949
6,3950
5,3951
5,3952
5,3953
4,3954
5,3955
5,3956
5,3957
5,3958
5,3959
5,3960
5,3961
6,3962
6,3963
5,3964
1,3965
5,3966
4,3967
5,3968
1,3969
5,3970
5,3971
5,3972
5,3973
5,3974
5,3975
5,3976
5,3977
5,3978
6,3979
5,3980
6,3981
5,3982
5,3983
5,3984
9,3985
6,3986
5,3987
5,3988
6,3989
4,3990
5,3991
5,3992
5,3993
5,3994
5,3995
5,3996
5,3997
5,3998
4,3999
5,4000
5,4001
4,4002
5,4003
1,4004
1,4005
5,4006
5,4007
5,4008
5,4009
6,4010
4,4011
5,4012
4,4013
6,4014
5,4015
5,4016
4,4017
5,4018
5,4019
1,4020
5,4021
5,4022
1,4023
6,4024
2,4025
5,4026
5,4027
5,4028
5,4029
5,4030
5,4031
5,4032
6,4033
6,4034
5,4035
1,4036
6,4037
5,4038
8,4039
5,4040
5,4041
4,4042
5,4043
5,4044
5,4045
5,4046
2,4047
5,4048
6,4049
4,4050
5,4051
5,4052
5,4053
5,4054
1,4055
5,4056
5,4057
5,4058
8,4059
5,4060
5,4061
5,4062
4,4063
6,4064
6,4065
5,4066
5,4067
5,4068
5,4069
5,4070
5,4071
5,4072
5,4073
5,4074
5,4075
5,4076
5,4077
5,4078
5,4079
5,4080
6,4081
5,4082
4,4083
5,4084
5,4085
5,4086
5,4087
5,4088
5,4089
5,4090
5,4091
6,4092
5,4093
1,4094
5,4095
6,4096
5,4097
5,4098
5,4099
5,4100
5,4101
5,4102
1,4103
5,4104
5,4105
5,4106
5,4107
5,4108
5,4109
5,4110
5,4111
5,4112
5,4113
1,4114
6,4115
5,4116
5,4117
5,4118
5,4119
5,4120
6,4121
5,4122
5,4123
5,4124
5,4125
4,4126
5,4127
1,4128
9,4129
1,4130
5,4131
8,4132
5,4133
5,4134
5,4135
5,4136
1,4137
5,4138
5,4139
1,4140
5,4141
5,4142
1,4143
6,4144
5,4145
2,4146
5,4147
5,4148
6,4149
6,4150
5,4151
5,4152
6,4153
5,4154
5,4155
5,4156
6,4157
8,4158
5,4159
6,4160
5,4161
5,4162
5,4163
5,4164
6,4165
5,4166
5,4167
1,4168
5,4169
5,4170
5,4171
1,4172
5,4173
5,4174
6,4175
6,4176
5,4177
4,4178
5,4179
6,4180
6,4181
4,4182
1,4183
1,4184
6,4185
8,4186
1,4187
5,4188
5,4189
8,4190
5,4191
6,4192
5,4193
2,4194
5,4195
6,4196
5,4197
5,4198
5,4199
1,4200
5,4201
5,4202
1,4203
5,4204
5,4205
2,4206
5,4207
5,4208
4,4209
5,4210
5,4211
5,4212
5,4213
5,4214
5,4215
5,4216
5,4217
5,4218
5,4219
5,4220
1,4221
5,4222
5,4223
5,4224
6,4225
5,4226
6,4227
9,4228
5,4229
5,4230
6,4231
5,4232
5,4233
5,4234
6,4235
1,4236
5,4237
5,4238
5,4239
1,4240
4,4241
4,4242
5,4243
5,4244
1,4245
6,4246
1,4247
5,4248
5,4249
6,4250
5,4251
2,4252
6,4253
5,4254
1,4255
5,4256
6,4257
5,4258
5,4259
5,4260
4,4261
4,4262
1,4263
6,4264
5,4265
8,4266
5,4267
5,4268
5,4269
5,4270
3,4271
5,4272
5,4273
5,4274
6,4275
5,4276
6,4277
5,4278
5,4279
5,4280
5,4281
5,4282
6,4283
5,4284
5,4285
1,4286
5,4287
5,4288
5,4289
5,4290
5,4291
5,4292
6,4293
1,4294
5,4295
5,4296
5,4297
6,4298
2,4299
5,4300
5,4301
6,4302
5,4303
5,4304
4,4305
1,4306
5,4307
5,4308
4,4309
6,4310
4,4311
6,4312
5,4313
5,4314
4,4315
6,4316
5,4317
5,4318
5,4319
5,4320
6,4321
5,4322
5,4323
5,4324
6,4325
6,4326
4,4327
5,4328
1,4329
5,4330
1,4331
6,4332
5,4333
5,4334
1,4335
5,4336
4,4337
5,4338
5,4339
5,4340
5,4341
5,4342
2,4343
6,4344
6,4345
5,4346
4,4347
5,4348
5,4349
5,4350
2,4351
5,4352
4,4353
1,4354
5,4355
5,4356
5,4357
6,4358
5,4359
5,4360
1,4361
5,4362
5,4363
1,4364
5,4365
5,4366
1,4367
5,4368
2,4369
5,4370
1,4371
6,4372
6,4373
1,4374
5,4375
6,4376
5,4377
5,4378
5,4379
4,4380
4,4381
4,4382
5,4383
5,4384
5,4385
5,4386
2,4387
5,4388
5,4389
4,4390
5,4391
6,4392
5,4393
6,4394
5,4395
5,4396
5,4397
5,4398
5,4399
6,4400
5,4401
5,4402
5,4403
5,4404
6,4405
5,4406
6,4407
5,4408
5,4409
4,4410
2,4411
5,4412
5,4413
5,4414
5,4415
5,4416
5,4417
5,4418
1,4419
5,4420
5,4421
5,4422
5,4423
6,4424
1,4425
5,4426
5,4427
1,4428
5,4429
5,4430
5,4431
5,4432
6,4433
6,4434
5,4435
5,4436
5,4437
3,4438
5,4439
1,4440
4,4441
8,4442
1,4443
1,4444
5,4445
5,4446
1,4447
5,4448
3,4449
5,4450
5,4451
5,4452
5,4453
5,4454
1,4455
5,4456
1,4457
5,4458
5,4459
4,4460
5,4461
6,4462
5,4463
5,4464
6,4465
5,4466
6,4467
1,4468
6,4469
5,4470
5,4471
1,4472
1,4473
5,4474
5,4475
5,4476
1,4477
1,4478
5,4479
5,4480
6,4481
2,4482
2,4483
8,4484
1,4485
1,4486
5,4487
5,4488
6,4489
1,4490
5,4491
1,4492
5,4493
5,4494
5,4495
4,4496
5,4497
5,4498
5,4499
5,4500
4,4501
5,4502
5,4503
6,4504
1,4505
5,4506
5,4507
6,4508
5,4509
3,4510
5,4511
5,4512
5,4513
5,4514
5,4515
5,4516
5,4517
5,4518
6,4519
5,4520
5,4521
1,4522
5,4523
5,4524
1,4525
5,4526
5,4527
5,4528
5,4529
6,4530
5,4531
5,4532
5,4533
5,4534
6,4535
5,4536
5,4537
5,4538
5,4539
5,4540
5,4541
5,4542
5,4543
1,4544
5,4545
5,4546
5,4547
5,4548
1,4549
5,4550
5,4551
5,4552
5,4553
5,4554
5,4555
1,4556
5,4557
5,4558
5,4559
5,4560
6,4561
5,4562
5,4563
5,4564
5,4565
4,4566
6,4567
5,4568
5,4569
5,4570
6,4571
5,4572
6,4573
6,4574
5,4575
6,4576
5,4577
5,4578
6,4579
5,4580
5,4581
5,4582
5,4583
5,4584
5,4585
5,4586
5,4587
1,4588
5,4589
8,4590
1,4591
5,4592
6,4593
8,4594
5,4595
4,4596
8,4597
6,4598
4,4599
5,4600
5,4601
5,4602
4,4603
5,4604
5,4605
1,4606
5,4607
5,4608
5,4609
5,4610
5,4611
5,4612
6,4613
5,4614
5,4615
5,4616
5,4617
5,4618
5,4619
5,4620
5,4621
4,4622
4,4623
9,4624
5,4625
5,4626
6,4627
6,4628
5,4629
5,4630
1,4631
5,4632
5,4633
5,4634
5,4635
5,4636
4,4637
5,4638
5,4639
1,4640
5,4641
6,4642
5,4643
6,4644
1,4645
6,4646
5,4647
5,4648
5,4649
5,4650
5,4651
1,4652
5,4653
5,4654
6,4655
6,4656
5,4657
5,4658
10,4659
1,4660
5,4661
5,4662
5,4663
6,4664
5,4665
6,4666
5,4667
6,4668
5,4669
5,4670
5,4671
5,4672
5,4673
6,4674
5,4675
5,4676
5,4677
5,4678
5,4679
5,4680
5,4681
5,4682
1,4683
4,4684
5,4685
5,4686
4,4687
6,4688
5,4689
5,4690
5,4691
5,4692
5,4693
6,4694
5,4695
6,4696
6,4697
1,4698
5,4699
5,4700
1,4701
1,4702
5,4703
5,4704
2,4705
5,4706
5,4707
4,4708
1,4709
1,4710
5,4711
5,4712
5,4713
4,4714
5,4715
5,4716
5,4717
1,4718
5,4719
5,4720
5,4721
5,4722
5,4723
4,4724
1,4725
5,4726
5,4727
5,4728
5,4729
5,4730
5,4731
5,4732
6,4733
5,4734
5,4735
4,4736
1,4737
7,4738
5,4739
2,4740
5,4741
5,4742
5,4743
6,4744
4,4745
5,4746
5,4747
5,4748
5,4749
5,4750
5,4751
5,4752
1,4753
5,4754
5,4755
5,4756
5,4757
5,4758
5,4759
5,4760
5,4761
6,4762
6,4763
4,4764
5,4765
5,4766
5,4767
5,4768
4,4769
1,4770
4,4771
5,4772
1,4773
5,4774
5,4775
4,4776
5,4777
5,4778
8,4779
5,4780
6,4781
5,4782
5,4783
5,4784
5,4785
9,4786
4,4787
5,4788
6,4789
1,4790
5,4791
5,4792
5,4793
5,4794
1,4795
5,4796
1,4797
5,4798
2,4799
5,4800
5,4801
5,4802
5,4803
5,4804
8,4805
5,4806
5,4807
5,4808
5,4809
5,4810
8,4811
5,4812
5,4813
5,4814
5,4815
5,4816
4,4817
5,4818
5,4819
5,4820
6,4821
5,4822
8,4823
5,4824
5,4825
5,4826
5,4827
1,4828
5,4829
9,4830
6,4831
5,4832
5,4833
1,4834
5,4835
5,4836
5,4837
5,4838
5,4839
5,4840
1,4841
5,4842
5,4843
6,4844
5,4845
5,4846
6,4847
5,4848
5,4849
5,4850
6,4851
5,4852
4,4853
5,4854
4,4855
8,4856
6,4857
5,4858
1,4859
5,4860
4,4861
5,4862
5,4863
5,4864
8,4865
1,4866
1,4867
5,4868
1,4869
4,4870
5,4871
5,4872
5,4873
5,4874
9,4875
6,4876
5,4877
1,4878
1,4879
5,4880
6,4881
5,4882
1,4883
4,4884
5,4885
5,4886
4,4887
6,4888
5,4889
5,4890
6,4891
5,4892
5,4893
5,4894
5,4895
5,4896
2,4897
5,4898
5,4899
5,4900
5,4901
1,4902
5,4903
5,4904
3,4905
6,4906
5,4907
5,4908
5,4909
5,4910
1,4911
5,4912
5,4913
3,4914
5,4915
4,4916
5,4917
5,4918
6,4919
5,4920
5,4921
6,4922
6,4923
5,4924
5,4925
6,4926
5,4927
5,4928
4,4929
5,4930
1,4931
5,4932
5,4933
5,4934
5,4935
5,4936
5,4937
4,4938
4,4939
5,4940
5,4941
5,4942
5,4943
5,4944
5,4945
1,4946
5,4947
1,4948
5,4949
5,4950
5,4951
5,4952
5,4953
5,4954
5,4955
5,4956
5,4957
5,4958
4,4959
5,4960
4,4961
6,4962
5,4963
5,4964
6,4965
5,4966
6,4967
5,4968
5,4969
4,4970
6,4971
5,4972
5,4973
5,4974
1,4975
5,4976
5,4977
6,4978
5,4979
5,4980
5,4981
5,4982
5,4983
6,4984
5,4985
6,4986
6,4987
5,4988
5,4989
5,4990
4,4991
1,4992
6,4993
5,4994
5,4995
5,4996
5,4997
5,4998
5,4999
5,5000
1,5001
5,5002
4,5003
1,5004
3,5005
5,5006
5,5007
1,5008
5,5009
6,5010
5,5011
1,5012
4,5013
1,5014
5,5015
1,5016
5,5017
5,5018
1,5019
1,5020
5,5021
5,5022
5,5023
6,5024
5,5025
5,5026
3,5027
5,5028
6,5029
1,5030
4,5031
5,5032
5,5033
5,5034
5,5035
6,5036
5,5037
5,5038
5,5039
6,5040
4,5041
6,5042
5,5043
1,5044
1,5045
5,5046
6,5047
4,5048
5,5049
5,5050
6,5051
6,5052
1,5053
5,5054
4,5055
8,5056
1,5057
1,5058
5,5059
1,5060
5,5061
5,5062
5,5063
1,5064
6,5065
4,5066
5,5067
5,5068
1,5069
5,5070
5,5071
5,5072
5,5073
1,5074
5,5075
1,5076
5,5077
5,5078
5,5079
5,5080
5,5081
5,5082
5,5083
2,5084
5,5085
4,5086
6,5087
5,5088
8,5089
5,5090
5,5091
5,5092
5,5093
5,5094
5,5095
5,5096
6,5097
6,5098
5,5099
1,5100
5,5101
5,5102
5,5103
5,5104
6,5105
1,5106
5,5107
5,5108
1,5109
5,5110
6,5111
2,5112
6,5113
9,5114
5,5115
5,5116
1,5117
5,5118
5,5119
5,5120
5,5121
6,5122
5,5123
5,5124
5,5125
7,5126
5,5127
5,5128
5,5129
6,5130
5,5131
5,5132
5,5133
5,5134
1,5135
5,5136
5,5137
5,5138
6,5139
5,5140
5,5141
5,5142
5,5143
5,5144
5,5145
5,5146
5,5147
5,5148
5,5149
5,5150
3,5151
1,5152
1,5153
5,5154
5,5155
5,5156
5,5157
6,5158
5,5159
1,5160
4,5161
5,5162
1,5163
2,5164
5,5165
5,5166
5,5167
5,5168
10,5169
1,5170
5,5171
5,5172
5,5173
4,5174
5,5175
4,5176
5,5177
5,5178
5,5179
5,5180
6,5181
5,5182
6,5183
6,5184
5,5185
5,5186
5,5187
1,5188
5,5189
1,5190
5,5191
5,5192
8,5193
1,5194
5,5195
5,5196
4,5197
5,5198
4,5199
5,5200
5,5201
6,5202
5,5203
1,5204
1,5205
5,5206
5,5207
5,5208
5,5209
5,5210
8,5211
4,5212
5,5213
5,5214
1,5215
5,5216
8,5217
5,5218
3,5219
5,5220
5,5221
5,5222
5,5223
6,5224
8,5225
5,5226
6,5227
5,5228
5,5229
5,5230
5,5231
5,5232
5,5233
5,5234
5,5235
5,5236
5,5237
5,5238
5,5239
5,5240
1,5241
5,5242
5,5243
5,5244
5,5245
5,5246
5,5247
6,5248
5,5249
6,5250
5,5251
4,5252
4,5253
5,5254
5,5255
1,5256
1,5257
5,5258
1,5259
6,5260
2,5261
1,5262
5,5263
5,5264
5,5265
5,5266
5,5267
6,5268
5,5269
5,5270
1,5271
5,5272
1,5273
6,5274
5,5275
5,5276
5,5277
5,5278
1,5279
1,5280
6,5281
8,5282
1,5283
5,5284
5,5285
5,5286
4,5287
6,5288
5,5289
5,5290
5,5291
5,5292
5,5293
5,5294
5,5295
6,5296
1,5297
5,5298
5,5299
5,5300
5,5301
4,5302
6,5303
6,5304
5,5305
5,5306
5,5307
1,5308
5,5309
5,5310
5,5311
5,5312
5,5313
5,5314
5,5315
2,5316
5,5317
6,5318
5,5319
5,5320
1,5321
5,5322
5,5323
5,5324
5,5325
6,5326
9,5327
5,5328
5,5329
4,5330
5,5331
5,5332
5,5333
5,5334
6,5335
1,5336
5,5337
5,5338
5,5339
5,5340
5,5341
1,5342
5,5343
5,5344
5,5345
5,5346
5,5347
4,5348
5,5349
2,5350
5,5351
5,5352
5,5353
6,5354
5,5355
5,5356
5,5357
5,5358
5,5359
5,5360
1,5361
5,5362
5,5363
5,5364
6,5365
8,5366
6,5367
6,5368
5,5369
5,5370
1,5371
5,5372
1,5373
5,5374
6,5375
5,5376
4,5377
5,5378
4,5379
4,5380
3,5381
6,5382
1,5383
5,5384
5,5385
6,5386
5,5387
1,5388
6,5389
5,5390
5,5391
5,5392
5,5393
5,5394
6,5395
5,5396
5,5397
5,5398
1,5399
9,5400
5,5401
6,5402
5,5403
5,5404
5,5405
1,5406
5,5407
5,5408
5,5409
6,5410
1,5411
8,5412
5,5413
5,5414
5,5415
5,5416
5,5417
5,5418
5,5419
5,5420
5,5421
1,5422
10,5423
5,5424
5,5425
5,5426
5,5427
5,5428
4,5429
2,5430
5,5431
6,5432
4,5433
1,5434
5,5435
1,5436
5,5437
5,5438
5,5439
2,5440
5,5441
3,5442
5,5443
6,5444
5,5445
6,5446
5,5447
2,5448
5,5449
1,5450
5,5451
6,5452
4,5453
6,5454
1,5455
5,5456
1,5457
5,5458
5,5459
1,5460
1,5461
1,5462
5,5463
5,5464
2,5465
5,5466
6,5467
5,5468
5,5469
6,5470
1,5471
4,5472
4,5473
6,5474
5,5475
6,5476
4,5477
5,5478
5,5479
5,5480
5,5481
5,5482
5,5483
5,5484
5,5485
5,5486
8,5487
4,5488
6,5489
5,5490
5,5491
5,5492
1,5493
6,5494
3,5495
5,5496
5,5497
5,5498
5,5499
5,5500
9,5501
5,5502
5,5503
1,5504
5,5505
4,5506
5,5507
1,5508
5,5509
4,5510
5,5511
1,5512
5,5513
1,5514
1,5515
8,5516
5,5517
4,5518
5,5519
5,5520
4,5521
5,5522
5,5523
5,5524
1,5525
6,5526
1,5527
8,5528
6,5529
5,5530
5,5531
5,5532
5,5533
5,5534
5,5535
5,5536
5,5537
5,5538
5,5539
5,5540
5,5541
5,5542
5,5543
5,5544
1,5545
5,5546
5,5547
5,5548
1,5549
8,5550
5,5551
5,5552
1,5553
5,5554
5,5555
5,5556
6,5557
10,5558
5,5559
5,5560
6,5561
5,5562
4,5563
5,5564
5,5565
6,5566
5,5567
5,5568
5,5569
5,5570
5,5571
5,5572
2,5573
5,5574
5,5575
5,5576
5,5577
5,5578
5,5579
5,5580
5,5581
5,5582
3,5583
5,5584
5,5585
3,5586
5,5587
6,5588
5,5589
5,5590
4,5591
5,5592
6,5593
5,5594
6,5595
5,5596
6,5597
5,5598
5,5599
2,5600
5,5601
5,5602
5,5603
5,5604
5,5605
4,5606
1,5607
5,5608
5,5609
5,5610
4,5611
1,5612
5,5613
5,5614
1,5615
5,5616
6,5617
5,5618
5,5619
4,5620
6,5621
5,5622
5,5623
5,5624
5,5625
1,5626
5,5627
2,5628
9,5629
5,5630
5,5631
4,5632
5,5633
6,5634
1,5635
4,5636
5,5637
5,5638
5,5639
4,5640
5,5641
5,5642
5,5643
2,5644
6,5645
5,5646
5,5647
5,5648
1,5649
6,5650
1,5651
5,5652
5,5653
5,5654
6,5655
5,5656
4,5657
5,5658
6,5659
1,5660
5,5661
1,5662
6,5663
9,5664
6,5665
1,5666
6,5667
5,5668
4,5669
4,5670
1,5671
5,5672
5,5673
5,5674
1,5675
6,5676
5,5677
1,5678
1,5679
6,5680
5,5681
2,5682
5,5683
5,5684
5,5685
5,5686
5,5687
5,5688
5,5689
6,5690
5,5691
5,5692
5,5693
5,5694
5,5695
6,5696
5,5697
6,5698
5,5699
5,5700
5,5701
5,5702
6,5703
5,5704
8,5705
5,5706
5,5707
6,5708
6,5709
5,5710
5,5711
5,5712
4,5713
5,5714
5,5715
5,5716
4,5717
5,5718
5,5719
5,5720
5,5721
5,5722
5,5723
1,5724
5,5725
1,5726
5,5727
5,5728
5,5729
5,5730
5,5731
6,5732
5,5733
6,5734
5,5735
1,5736
2,5737
5,5738
8,5739
5,5740
5,5741
5,5742
1,5743
5,5744
4,5745
5,5746
5,5747
6,5748
5,5749
5,5750
5,5751
6,5752
5,5753
10,5754
5,5755
4,5756
9,5757
5,5758
5,5759
1,5760
6,5761
5,5762
7,5763
1,5764
1,5765
5,5766
5,5767
5,5768
6,5769
5,5770
6,5771
4,5772
6,5773
5,5774
1,5775
5,5776
5,5777
6,5778
5,5779
1,5780
1,5781
6,5782
5,5783
5,5784
5,5785
5,5786
5,5787
5,5788
5,5789
5,5790
1,5791
5,5792
2,5793
2,5794
5,5795
5,5796
3,5797
6,5798
3,5799
5,5800
8,5801
5,5802
5,5803
5,5804
5,5805
1,5806
5,5807
6,5808
5,5809
5,5810
5,5811
5,5812
5,5813
5,5814
5,5815
5,5816
5,5817
4,5818
5,5819
5,5820
1,5821
5,5822
5,5823
5,5824
5,5825
5,5826
6,5827
5,5828
5,5829
6,5830
5,5831
5,5832
6,5833
5,5834
5,5835
8,5836
5,5837
5,5838
5,5839
5,5840
5,5841
5,5842
5,5843
5,5844
5,5845
5,5846
1,5847
6,5848
4,5849
4,5850
5,5851
6,5852
5,5853
5,5854
5,5855
1,5856
1,5857
5,5858
5,5859
5,5860
5,5861
5,5862
5,5863
5,5864
6,5865
6,5866
5,5867
5,5868
5,5869
5,5870
1,5871
6,5872
5,5873
5,5874
5,5875
1,5876
5,5877
5,5878
5,5879
5,5880
1,5881
5,5882
1,5883
1,5884
8,5885
10,5886
2,5887
5,5888
5,5889
5,5890
1,5891
5,5892
6,5893
5,5894
5,5895
5,5896
5,5897
5,5898
5,5899
4,5900
5,5901
6,5902
5,5903
2,5904
5,5905
5,5906
10,5907
5,5908
5,5909
1,5910
1,5911
5,5912
5,5913
6,5914
5,5915
5,5916
1,5917
5,5918
5,5919
1,5920
5,5921
5,5922
6,5923
6,5924
5,5925
5,5926
5,5927
4,5928
5,5929
5,5930
5,5931
5,5932
5,5933
5,5934
5,5935
5,5936
5,5937
5,5938
5,5939
1,5940
6,5941
5,5942
6,5943
6,5944
5,5945
5,5946
5,5947
5,5948
5,5949
1,5950
6,5951
5,5952
5,5953
5,5954
5,5955
5,5956
5,5957
5,5958
6,5959
5,5960
5,5961
4,5962
6,5963
5,5964
5,5965
1,5966
5,5967
6,5968
5,5969
1,5970
5,5971
5,5972
5,5973
5,5974
5,5975
5,5976
1,5977
5,5978
4,5979
6,5980
5,5981
9,5982
5,5983
1,5984
5,5985
5,5986
5,5987
6,5988
6,5989
1,5990
5,5991
5,5992
5,5993
5,5994
5,5995
5,5996
5,5997
1,5998
6,5999
5,6000
5,6001
5,6002
5,6003
5,6004
1,6005
5,6006
5,6007
5,6008
5,6009
5,6010
1,6011
5,6012
6,6013
5,6014
5,6015
5,6016
5,6017
4,6018
5,6019
5,6020
1,6021
4,6022
5,6023
5,6024
1,6025
5,6026
5,6027
5,6028
5,6029
5,6030
5,6031
5,6032
5,6033
1,6034
5,6035
2,6036
5,6037
5,6038
5,6039
5,6040
1,6041
1,6042
2,6043
6,6044
1,6045
5,6046
5,6047
8,6048
5,6049
5,6050
6,6051
5,6052
3,6053
2,6054
5,6055
5,6056
5,6057
5,6058
5,6059
5,6060
1,6061
5,6062
5,6063
6,6064
6,6065
5,6066
5,6067
5,6068
5,6069
4,6070
5,6071
1,6072
5,6073
1,6074
5,6075
5,6076
6,6077
5,6078
5,6079
1,6080
5,6081
5,6082
5,6083
5,6084
5,6085
6,6086
1,6087
5,6088
5,6089
5,6090
5,6091
5,6092
9,6093
6,6094
5,6095
6,6096
8,6097
5,6098
5,6099
5,6100
5,6101
8,6102
5,6103
8,6104
5,6105
6,6106
5,6107
5,6108
5,6109
5,6110
1,6111
5,6112
5,6113
6,6114
9,6115
5,6116
5,6117
5,6118
5,6119
5,6120
5,6121
6,6122
5,6123
6,6124
5,6125
5,6126
5,6127
5,6128
1,6129
5,6130
5,6131
5,6132
5,6133
5,6134
5,6135
5,6136
3,6137
5,6138
5,6139
3,6140
5,6141
5,6142
5,6143
5,6144
5,6145
5,6146
1,6147
1,6148
6,6149
5,6150
5,6151
5,6152
5,6153
9,6154
5,6155
5,6156
5,6157
5,6158
5,6159
2,6160
5,6161
5,6162
5,6163
5,6164
2,6165
5,6166
4,6167
5,6168
5,6169
6,6170
6,6171
4,6172
1,6173
4,6174
5,6175
5,6176
5,6177
5,6178
5,6179
5,6180
5,6181
4,6182
4,6183
1,6184
6,6185
1,6186
3,6187
5,6188
5,6189
1,6190
5,6191
5,6192
6,6193
5,6194
2,6195
3,6196
5,6197
5,6198
5,6199
4,6200
5,6201
5,6202
5,6203
5,6204
5,6205
5,6206
5,6207
5,6208
5,6209
6,6210
5,6211
5,6212
5,6213
5,6214
5,6215
5,6216
1,6217
5,6218
5,6219
5,6220
9,6221
1,6222
5,6223
5,6224
5,6225
5,6226
6,6227
5,6228
5,6229
5,6230
5,6231
3,6232
5,6233
6,6234
5,6235
5,6236
1,6237
5,6238
6,6239
5,6240
2,6241
5,6242
8,6243
6,6244
4,6245
4,6246
5,6247
5,6248
5,6249
5,6250
5,6251
5,6252
5,6253
6,6254
1,6255
5,6256
5,6257
1,6258
5,6259
5,6260
5,6261
5,6262
1,6263
5,6264
3,6265
1,6266
6,6267
5,6268
1,6269
5,6270
5,6271
5,6272
5,6273
5,6274
5,6275
5,6276
5,6277
5,6278
5,6279
4,6280
5,6281
5,6282
5,6283
4,6284
2,6285
5,6286
4,6287
4,6288
5,6289
5,6290
5,6291
1,6292
6,6293
4,6294
1,6295
5,6296
5,6297
5,6298
5,6299
5,6300
5,6301
5,6302
5,6303
1,6304
5,6305
5,6306
5,6307
5,6308
4,6309
5,6310
5,6311
6,6312
9,6313
5,6314
5,6315
5,6316
5,6317
5,6318
1,6319
5,6320
5,6321
5,6322
5,6323
5,6324
1,6325
5,6326
5,6327
5,6328
6,6329
5,6330
5,6331
6,6332
1,6333
5,6334
5,6335
5,6336
5,6337
5,6338
5,6339
5,6340
5,6341
5,6342
5,6343
5,6344
9,6345
5,6346
6,6347
5,6348
5,6349
5,6350
6,6351
5,6352
2,6353
6,6354
4,6355
1,6356
5,6357
1,6358
6,6359
5,6360
5,6361
5,6362
5,6363
7,6364
5,6365
6,6366
3,6367
6,6368
1,6369
5,6370
5,6371
1,6372
6,6373
5,6374
5,6375
5,6376
5,6377
5,6378
5,6379
5,6380
5,6381
5,6382
5,6383
1,6384
1,6385
5,6386
5,6387
5,6388
6,6389
5,6390
5,6391
1,6392
5,6393
4,6394
6,6395
5,6396
5,6397
5,6398
5,6399
5,6400
5,6401
6,6402
5,6403
6,6404
5,6405
5,6406
6,6407
5,6408
5,6409
5,6410
5,6411
5,6412
5,6413
1,6414
5,6415
5,6416
5,6417
6,6418
6,6419
6,6420
5,6421
5,6422
5,6423
4,6424
5,6425
1,6426
1,6427
5,6428
4,6429
5,6430
5,6431
9,6432
6,6433
5,6434
5,6435
5,6436
1,6437
5,6438
5,6439
5,6440
4,6441
1,6442
1,6443
6,6444
2,6445
5,6446
1,6447
5,6448
4,6449
5,6450
5,6451
6,6452
5,6453
5,6454
4,6455
5,6456
8,6457
1,6458
5,6459
4,6460
5,6461
4,6462
5,6463
5,6464
1,6465
5,6466
5,6467
1,6468
5,6469
5,6470
5,6471
5,6472
1,6473
5,6474
1,6475
5,6476
6,6477
6,6478
5,6479
1,6480
5,6481
5,6482
8,6483
5,6484
5,6485
5,6486
5,6487
5,6488
5,6489
6,6490
5,6491
3,6492
4,6493
5,6494
1,6495
1,6496
5,6497
5,6498
4,6499
5,6500
5,6501
1,6502
4,6503
2,6504
5,6505
5,6506
5,6507
5,6508
6,6509
5,6510
6,6511
5,6512
5,6513
6,6514
1,6515
5,6516
6,6517
4,6518
5,6519
5,6520
5,6521
5,6522
4,6523
5,6524
5,6525
5,6526
4,6527
5,6528
5,6529
5,6530
5,6531
6,6532
4,6533
5,6534
5,6535
1,6536
4,6537
5,6538
5,6539
6,6540
1,6541
1,6542
5,6543
5,6544
5,6545
6,6546
5,6547
1,6548
10,6549
5,6550
4,6551
5,6552
5,6553
5,6554
5,6555
5,6556
5,6557
5,6558
5,6559
5,6560
5,6561
5,6562
1,6563
6,6564
5,6565
5,6566
6,6567
5,6568
6,6569
5,6570
4,6571
6,6572
4,6573
5,6574
1,6575
5,6576
6,6577
5,6578
6,6579
5,6580
5,6581
5,6582
1,6583
5,6584
1,6585
5,6586
5,6587
5,6588
5,6589
5,6590
1,6591
5,6592
5,6593
5,6594
5,6595
5,6596
5,6597
1,6598
5,6599
5,6600
1,6601
6,6602
5,6603
6,6604
4,6605
5,6606
6,6607
5,6608
5,6609
4,6610
5,6611
5,6612
5,6613
6,6614
5,6615
5,6616
5,6617
1,6618
1,6619
5,6620
4,6621
6,6622
5,6623
5,6624
4,6625
6,6626
5,6627
4,6628
6,6629
6,6630
6,6631
2,6632
5,6633
4,6634
5,6635
5,6636
4,6637
5,6638
5,6639
5,6640
5,6641
1,6642
5,6643
5,6644
3,6645
5,6646
5,6647
5,6648
2,6649
6,6650
6,6651
5,6652
5,6653
5,6654
5,6655
5,6656
4,6657
6,6658
5,6659
5,6660
5,6661
5,6662
4,6663
5,6664
4,6665
4,6666
5,6667
1,6668
5,6669
5,6670
5,6671
5,6672
5,6673
6,6674
5,6675
1,6676
5,6677
5,6678
5,6679
6,6680
5,6681
1,6682
6,6683
1,6684
5,6685
5,6686
1,6687
5,6688
5,6689
5,6690
5,6691
6,6692
4,6693
5,6694
5,6695
5,6696
5,6697
5,6698
5,6699
8,6700
5,6701
6,6702
1,6703
4,6704
8,6705
5,6706
1,6707
5,6708
1,6709
5,6710
5,6711
5,6712
4,6713
5,6714
5,6715
5,6716
5,6717
5,6718
5,6719
5,6720
5,6721
5,6722
5,6723
5,6724
1,6725
5,6726
5,6727
5,6728
5,6729
2,6730
9,6731
5,6732
5,6733
5,6734
5,6735
5,6736
5,6737
5,6738
4,6739
5,6740
1,6741
5,6742
4,6743
5,6744
4,6745
6,6746
5,6747
6,6748
5,6749
5,6750
1,6751
1,6752
5,6753
5,6754
6,6755
5,6756
5,6757
1,6758
1,6759
1,6760
5,6761
5,6762
5,6763
1,6764
1,6765
1,6766
4,6767
8,6768
5,6769
5,6770
5,6771
2,6772
5,6773
1,6774
1,6775
1,6776
5,6777
1,6778
4,6779
5,6780
5,6781
5,6782
5,6783
5,6784
5,6785
5,6786
4,6787
5,6788
4,6789
6,6790
5,6791
6,6792
2,6793
1,6794
5,6795
1,6796
5,6797
5,6798
5,6799
5,6800
5,6801
5,6802
6,6803
5,6804
5,6805
5,6806
5,6807
5,6808
4,6809
6,6810
1,6811
5,6812
5,6813
5,6814
5,6815
5,6816
6,6817
5,6818
5,6819
5,6820
5,6821
5,6822
5,6823
5,6824
5,6825
5,6826
5,6827
6,6828
5,6829
1,6830
10,6831
5,6832
5,6833
5,6834
5,6835
1,6836
5,6837
5,6838
5,6839
6,6840
5,6841
6,6842
5,6843
5,6844
5,6845
5,6846
5,6847
6,6848
5,6849
5,6850
5,6851
6,6852
6,6853
5,6854
6,6855
6,6856
4,6857
5,6858
5,6859
5,6860
5,6861
5,6862
4,6863
4,6864
5,6865
5,6866
1,6867
5,6868
6,6869
1,6870
5,6871
5,6872
5,6873
5,6874
4,6875
5,6876
1,6877
4,6878
5,6879
5,6880
1,6881
1,6882
1,6883
6,6884
2,6885
5,6886
5,6887
5,6888
5,6889
5,6890
5,6891
2,6892
6,6893
5,6894
8,6895
4,6896
4,6897
1,6898
5,6899
5,6900
5,6901
6,6902
5,6903
5,6904
5,6905
5,6906
4,6907
6,6908
4,6909
5,6910
5,6911
5,6912
5,6913
5,6914
5,6915
5,6916
5,6917
6,6918
5,6919
5,6920
5,6921
5,6922
1,6923
5,6924
5,6925
5,6926
5,6927
5,6928
6,6929
6,6930
6,6931
5,6932
5,6933
4,6934
1,6935
6,6936
5,6937
4,6938
5,6939
4,6940
5,6941
5,6942
6,6943
5,6944
5,6945
5,6946
5,6947
5,6948
5,6949
5,6950
4,6951
5,6952
1,6953
4,6954
4,6955
5,6956
5,6957
6,6958
5,6959
5,6960
1,6961
6,6962
4,6963
5,6964
6,6965
6,6966
2,6967
5,6968
5,6969
5,6970
5,6971
5,6972
5,6973
5,6974
5,6975
6,6976
5,6977
5,6978
5,6979
1,6980
5,6981
5,6982
5,6983
5,6984
5,6985
1,6986
1,6987
5,6988
6,6989
5,6990
5,6991
1,6992
5,6993
5,6994
5,6995
5,6996
5,6997
1,6998
5,6999
2,7000
5,7001
5,7002
5,7003
4,7004
2,7005
1,7006
5,7007
5,7008
6,7009
6,7010
5,7011
5,7012
5,7013
5,7014
5,7015
5,7016
5,7017
5,7018
4,7019
6,7020
5,7021
1,7022
5,7023
5,7024
5,7025
6,7026
4,7027
5,7028
5,7029
5,7030
5,7031
5,7032
5,7033
5,7034
5,7035
1,7036
5,7037
5,7038
5,7039
6,7040
5,7041
2,7042
4,7043
5,7044
5,7045
5,7046
8,7047
4,7048
5,7049
5,7050
5,7051
5,7052
5,7053
5,7054
5,7055
5,7056
5,7057
5,7058
5,7059
5,7060
1,7061
5,7062
1,7063
6,7064
5,7065
5,7066
5,7067
5,7068
5,7069
5,7070
5,7071
5,7072
5,7073
4,7074
5,7075
5,7076
5,7077
5,7078
9,7079
5,7080
1,7081
5,7082
5,7083
1,7084
2,7085
4,7086
5,7087
5,7088
5,7089
5,7090
6,7091
1,7092
9,7093
5,7094
5,7095
1,7096
7,7097
5,7098
5,7099
2,7100
1,7101
5,7102
6,7103
6,7104
5,7105
5,7106
1,7107
5,7108
5,7109
5,7110
5,7111
5,7112
5,7113
5,7114
5,7115
5,7116
5,7117
5,7118
5,7119
5,7120
5,7121
5,7122
5,7123
1,7124
1,7125
4,7126
1,7127
5,7128
5,7129
1,7130
5,7131
3,7132
6,7133
5,7134
8,7135
5,7136
5,7137
5,7138
5,7139
5,7140
5,7141
5,7142
5,7143
5,7144
5,7145
5,7146
2,7147
9,7148
9,7149
5,7150
5,7151
5,7152
4,7153
5,7154
5,7155
1,7156
5,7157
1,7158
5,7159
8,7160
5,7161
5,7162
5,7163
5,7164
5,7165
5,7166
5,7167
6,7168
5,7169
5,7170
5,7171
5,7172
5,7173
5,7174
6,7175
5,7176
1,7177
5,7178
1,7179
8,7180
6,7181
6,7182
4,7183
5,7184
4,7185
6,7186
8,7187
5,7188
5,7189
5,7190
4,7191
5,7192
2,7193
5,7194
3,7195
1,7196
5,7197
6,7198
5,7199
5,7200
6,7201
5,7202
5,7203
4,7204
4,7205
5,7206
5,7207
5,7208
5,7209
5,7210
5,7211
5,7212
4,7213
5,7214
5,7215
6,7216
5,7217
1,7218
1,7219
5,7220
5,7221
5,7222
4,7223
5,7224
4,7225
6,7226
6,7227
1,7228
5,7229
5,7230
8,7231
5,7232
5,7233
5,7234
4,7235
4,7236
5,7237
5,7238
5,7239
5,7240
6,7241
5,7242
6,7243
5,7244
5,7245
5,7246
4,7247
5,7248
5,7249
5,7250
5,7251
5,7252
4,7253
5,7254
5,7255
1,7256
6,7257
1,7258
1,7259
5,7260
1,7261
5,7262
5,7263
4,7264
5,7265
1,7266
5,7267
8,7268
4,7269
5,7270
5,7271
5,7272
5,7273
5,7274
4,7275
5,7276
5,7277
5,7278
6,7279
5,7280
1,7281
4,7282
5,7283
5,7284
5,7285
5,7286
5,7287
5,7288
5,7289
5,7290
6,7291
1,7292
5,7293
5,7294
5,7295
5,7296
6,7297
5,7298
1,7299
5,7300
5,7301
5,7302
10,7303
6,7304
4,7305
5,7306
5,7307
2,7308
5,7309
5,7310
5,7311
5,7312
5,7313
5,7314
4,7315
5,7316
4,7317
5,7318
5,7319
5,7320
1,7321
2,7322
5,7323
4,7324
8,7325
5,7326
4,7327
1,7328
5,7329
1,7330
4,7331
5,7332
5,7333
6,7334
5,7335
5,7336
5,7337
4,7338
5,7339
5,7340
5,7341
5,7342
5,7343
5,7344
10,7345
5,7346
6,7347
5,7348
5,7349
5,7350
5,7351
4,7352
5,7353
6,7354
1,7355
5,7356
5,7357
5,7358
5,7359
6,7360
4,7361
1,7362
1,7363
1,7364
5,7365
5,7366
6,7367
5,7368
5,7369
6,7370
5,7371
5,7372
5,7373
6,7374
5,7375
2,7376
1,7377
1,7378
6,7379
1,7380
5,7381
5,7382
5,7383
5,7384
5,7385
5,7386
3,7387
5,7388
5,7389
4,7390
5,7391
8,7392
4,7393
5,7394
5,7395
5,7396
5,7397
5,7398
5,7399
5,7400
1,7401
6,7402
5,7403
5,7404
9,7405
5,7406
5,7407
5,7408
1,7409
5,7410
6,7411
6,7412
5,7413
5,7414
5,7415
5,7416
4,7417
6,7418
3,7419
5,7420
5,7421
5,7422
1,7423
2,7424
5,7425
9,7426
5,7427
5,7428
4,7429
5,7430
5,7431
6,7432
5,7433
6,7434
4,7435
5,7436
4,7437
5,7438
5,7439
3,7440
5,7441
5,7442
6,7443
4,7444
2,7445
6,7446
6,7447
5,7448
5,7449
3,7450
5,7451
5,7452
1,7453
5,7454
5,7455
6,7456
6,7457
5,7458
5,7459
5,7460
4,7461
5,7462
1,7463
4,7464
5,7465
5,7466
5,7467
4,7468
5,7469
2,7470
5,7471
5,7472
5,7473
5,7474
5,7475
5,7476
5,7477
6,7478
5,7479
5,7480
5,7481
6,7482
5,7483
4,7484
5,7485
5,7486
6,7487
4,7488
5,7489
5,7490
5,7491
5,7492
5,7493
5,7494
5,7495
1,7496
1,7497
4,7498
6,7499
5,7500
6,7501
5,7502
5,7503
5,7504
4,7505
5,7506
6,7507
5,7508
5,7509
5,7510
6,7511
5,7512
2,7513
6,7514
6,7515
8,7516
6,7517
6,7518
5,7519
5,7520
5,7521
1,7522
5,7523
1,7524
6,7525
3,7526
5,7527
5,7528
5,7529
4,7530
1,7531
5,7532
5,7533
5,7534
5,7535
5,7536
5,7537
6,7538
5,7539
5,7540
5,7541
1,7542
1,7543
4,7544
5,7545
5,7546
5,7547
6,7548
5,7549
4,7550
5,7551
5,7552
1,7553
5,7554
5,7555
5,7556
5,7557
5,7558
5,7559
5,7560
4,7561
5,7562
1,7563
5,7564
6,7565
1,7566
4,7567
5,7568
5,7569
5,7570
5,7571
5,7572
6,7573
5,7574
5,7575
2,7576
2,7577
5,7578
1,7579
5,7580
1,7581
5,7582
5,7583
1,7584
5,7585
5,7586
5,7587
5,7588
5,7589
2,7590
1,7591
1,7592
1,7593
5,7594
8,7595
6,7596
6,7597
5,7598
5,7599
1,7600
5,7601
5,7602
5,7603
5,7604
1,7605
5,7606
5,7607
5,7608
5,7609
4,7610
5,7611
6,7612
5,7613
6,7614
4,7615
5,7616
5,7617
5,7618
5,7619
5,7620
5,7621
1,7622
5,7623
1,7624
6,7625
5,7626
5,7627
5,7628
1,7629
5,7630
5,7631
5,7632
6,7633
5,7634
5,7635
5,7636
5,7637
5,7638
4,7639
6,7640
8,7641
5,7642
5,7643
5,7644
5,7645
4,7646
1,7647
4,7648
5,7649
5,7650
5,7651
5,7652
1,7653
5,7654
5,7655
5,7656
1,7657
1,7658
5,7659
5,7660
5,7661
1,7662
5,7663
5,7664
5,7665
5,7666
4,7667
5,7668
6,7669
4,7670
5,7671
5,7672
5,7673
5,7674
1,7675
5,7676
4,7677
5,7678
1,7679
6,7680
5,7681
5,7682
1,7683
5,7684
5,7685
1,7686
5,7687
1,7688
5,7689
5,7690
5,7691
5,7692
5,7693
4,7694
4,7695
5,7696
5,7697
4,7698
6,7699
5,7700
5,7701
5,7702
5,7703
6,7704
5,7705
6,7706
5,7707
5,7708
6,7709
5,7710
5,7711
5,7712
5,7713
5,7714
6,7715
5,7716
6,7717
5,7718
5,7719
5,7720
5,7721
5,7722
5,7723
5,7724
5,7725
5,7726
5,7727
1,7728
6,7729
5,7730
5,7731
5,7732
8,7733
5,7734
5,7735
5,7736
5,7737
5,7738
5,7739
5,7740
5,7741
5,7742
5,7743
5,7744
8,7745
5,7746
5,7747
5,7748
5,7749
5,7750
5,7751
5,7752
5,7753
5,7754
5,7755
5,7756
5,7757
5,7758
5,7759
5,7760
5,7761
5,7762
1,7763
5,7764
6,7765
5,7766
5,7767
5,7768
5,7769
5,7770
2,7771
4,7772
5,7773
5,7774
6,7775
5,7776
4,7777
4,7778
5,7779
5,7780
5,7781
5,7782
5,7783
6,7784
5,7785
5,7786
1,7787
6,7788
5,7789
5,7790
4,7791
3,7792
5,7793
5,7794
6,7795
5,7796
6,7797
5,7798
1,7799
5,7800
4,7801
5,7802
4,7803
5,7804
6,7805
5,7806
5,7807
5,7808
5,7809
5,7810
5,7811
5,7812
5,7813
1,7814
5,7815
5,7816
6,7817
5,7818
6,7819
5,7820
5,7821
5,7822
5,7823
5,7824
5,7825
5,7826
5,7827
5,7828
4,7829
5,7830
5,7831
5,7832
3,7833
5,7834
5,7835
5,7836
5,7837
5,7838
5,7839
5,7840
5,7841
5,7842
5,7843
3,7844
5,7845
6,7846
5,7847
5,7848
5,7849
5,7850
4,7851
4,7852
5,7853
5,7854
5,7855
5,7856
5,7857
6,7858
5,7859
5,7860
1,7861
4,7862
6,7863
5,7864
5,7865
4,7866
5,7867
5,7868
5,7869
1,7870
5,7871
5,7872
6,7873
5,7874
5,7875
5,7876
6,7877
5,7878
5,7879
5,7880
5,7881
5,7882
5,7883
5,7884
5,7885
5,7886
1,7887
5,7888
4,7889
5,7890
5,7891
5,7892
5,7893
4,7894
4,7895
6,7896
1,7897
5,7898
5,7899
5,7900
8,7901
6,7902
6,7903
5,7904
1,7905
1,7906
5,7907
5,7908
5,7909
5,7910
5,7911
5,7912
5,7913
1,7914
5,7915
1,7916
5,7917
5,7918
5,7919
4,7920
5,7921
1,7922
6,7923
5,7924
5,7925
1,7926
5,7927
5,7928
5,7929
5,7930
5,7931
5,7932
5,7933
5,7934
5,7935
6,7936
1,7937
6,7938
4,7939
5,7940
5,7941
2,7942
5,7943
2,7944
1,7945
4,7946
5,7947
5,7948
1,7949
5,7950
5,7951
5,7952
5,7953
5,7954
5,7955
5,7956
5,7957
5,7958
5,7959
5,7960
5,7961
5,7962
5,7963
5,7964
5,7965
6,7966
5,7967
5,7968
5,7969
5,7970
5,7971
5,7972
5,7973
1,7974
5,7975
5,7976
4,7977
4,7978
10,7979
5,7980
5,7981
5,7982
5,7983
4,7984
5,7985
5,7986
4,7987
6,7988
5,7989
5,7990
1,7991
6,7992
5,7993
5,7994
5,7995
4,7996
5,7997
5,7998
4,7999
6,8000
